=,APELLIDO,NOMBRE,¿
=,ÁLVAREZ,HÉCTOR,¿
=,ARA,CANDELARIO,¿
=,ARAMENDI,LEO,¿
=,ARMAS,ALFREDO,¿
=,ARTEAGA,JUAN,¿
=,AUYADERMONT,LUIS,¿
=,BAPTISTA,ROSSY,¿
=,BARICO,WILMER,¿
=,BRICEÑO,JENNYFER,¿
=,CABALLERO,ANTONIO,¿
=,CABRERA,JUAN,¿
=,CARVALLO,DELSY,¿
=,CASTILLO,ELEAZAR,¿
=,CASTRO,PEDRO,¿
=,COLMENARES,YERLIN,¿
=,CUTRONE,NICOLAS,¿
=,DIANES,MARIA,¿
=,DIAZ,PASTORA,¿
=,DURAN,TRINIDAD,¿
=,ESCALANTE,PEDRO,¿
=,ESCALONA,EMERSON,¿
=,ESCOBAR,FLORENCIO,¿
=,ESPINOZA,JOSÉ,¿
=,EVIES,MARIO,¿
=,FARÍAS,ELEANY,¿
=,FIGUEIRA,MARISOL,¿
=,GIL,DELY,¿
=,GIMÉNEZ,LUIS,¿
=,GOMEZ,ENRIQUE,¿
=,GONZALEZ,FRED,¿
=,GONZÁLEZ,PAULO,¿
=,GONZÁLEZ,TIBISAY,¿
=,GUADAMA,JUAN,¿
=,HEREDIA,JOSÉ,¿
=,HERNÁNDEZ,YANEISIA,¿
=,HIDALGO,BESLITH,¿
=,ISTURIZ,SUYIN,¿
=,LEMUS,ELLUZ,¿
=,LÓPEZ,IRMA,¿
=,LÓPEZ,MARÍA,¿
=,LÓPEZ,NELSON,¿
=,MACHADO,LINA,¿
=,MACHADO,OMAR,¿
=,MACHUCA,YUMAIRA,¿
=,MARTÍNEZ,MARINO,¿
=,MEDINA,BETTY,¿
=,MORALES,JOSE,¿
=,MORENO,ANTHONY,¿
=,MORENO,JUAN,¿
=,MORENO,PIERINA,¿
=,MOTA,SERGIO,¿
=,NOGUERA,CARLA,¿
=,NÚÑEZ,CLAUDIA,¿
=,PACHECO,ANDREA,¿
=,PALACIOS,MARÍA,¿
=,PÉREZ,NESON,¿
=,PINTO,LISBETH,¿
=,PINTO,VENTURA,¿
=,PIRELA,JANETT,¿
=,PORTE,CARLOS,¿
=,PUEBLA,MIGUEL,¿
=,REYES,GILBERTO,¿
=,RINCÓN,EDGAR,¿
=,RINCÓN,JOSÉ,¿
=,ROBERTIS,EDUARDO,¿
=,ROBLES,MARIO,¿
=,RODRÍGUEZ,DAISA,¿
=,RODRIGUEZ,MANUEL,¿
=,RODRÍGUEZ,MARÍA,¿
=,ROJAS,OMAR,¿
=,ROMERO,GREGORIA,¿
=,SANCHEZ,LUIS,¿
=,SILVA,JOSÉ,¿
=,TESORERO,JOSÉ,¿
=,TILLERO,JOSÉ,¿
=,TORTOLERO,CARMEN,¿
