No,APELLIDO,NOMBRE,Horario
1,ÁLVAREZ,HÉCTOR,Haz clic para ver el horario
2,ARA,CANDELARIO,Haz clic para ver el horario
3,ARAMENDI,LEO,Haz clic para ver el horario
4,ARMAS,ALFREDO,Haz clic para ver el horario
5,ARTEAGA,JUAN,Haz clic para ver el horario
6,AUYADERMONT,LUIS,Haz clic para ver el horario
7,BAPTISTA,ROSSY,Haz clic para ver el horario
8,BARICO,WILMER,Haz clic para ver el horario
9,BRICEÑO,JENNYFER,Haz clic para ver el horario
10,CABALLERO,ANTONIO,Haz clic para ver el horario
11,CABRERA,JUAN,Haz clic para ver el horario
12,CARVALLO,DELSY,Haz clic para ver el horario
13,CASTILLO,ELEAZAR,Haz clic para ver el horario
14,CASTRO,PEDRO,Haz clic para ver el horario
15,COLMENARES,YERLIN,Haz clic para ver el horario
16,CUTRONE,NICOLAS,Haz clic para ver el horario
17,DIANES,MARIA,Haz clic para ver el horario
18,DIAZ,PASTORA,Haz clic para ver el horario
19,DURAN,TRINIDAD,Haz clic para ver el horario
20,ESCALANTE,PEDRO,Haz clic para ver el horario
21,ESCALONA,EMERSON,Haz clic para ver el horario
22,ESCOBAR,FLORENCIO,Haz clic para ver el horario
23,ESPINOZA,JOSÉ,Haz clic para ver el horario
24,EVIES,MARIO,Haz clic para ver el horario
25,FARÍAS,ELEANY,Haz clic para ver el horario
26,FIGUEIRA,MARISOL,Haz clic para ver el horario
27,GIL,DELY,Haz clic para ver el horario
28,GIMÉNEZ,LUIS,Haz clic para ver el horario
29,GOMEZ,ENRIQUE,Haz clic para ver el horario
30,GONZALEZ,FRED,Haz clic para ver el horario
31,GONZÁLEZ,PAULO,Haz clic para ver el horario
32,GONZÁLEZ,TIBISAY,Haz clic para ver el horario
33,GUADAMA,JUAN,Haz clic para ver el horario
34,HEREDIA,JOSÉ,Haz clic para ver el horario
35,HERNÁNDEZ,YANEISIA,Haz clic para ver el horario
36,HIDALGO,BESLITH,Haz clic para ver el horario
37,ISTURIZ,SUYIN,Haz clic para ver el horario
38,LEMUS,ELLUZ,Haz clic para ver el horario
39,LÓPEZ,IRMA,Haz clic para ver el horario
40,LÓPEZ,MARÍA,Haz clic para ver el horario
41,LÓPEZ,NELSON,Haz clic para ver el horario
42,MACHADO,LINA,Haz clic para ver el horario
43,MACHADO,OMAR,Haz clic para ver el horario
44,MACHUCA,YUMAIRA,Haz clic para ver el horario
45,MARTÍNEZ,MARINO,Haz clic para ver el horario
46,MEDINA,BETTY,Haz clic para ver el horario
47,MORALES,JOSE,Haz clic para ver el horario
48,MORENO,ANTHONY,Haz clic para ver el horario
49,MORENO,JUAN,Haz clic para ver el horario
50,MORENO,PIERINA,Haz clic para ver el horario
51,MOTA,SERGIO,Haz clic para ver el horario
52,NOGUERA,CARLA,Haz clic para ver el horario
53,NÚÑEZ,CLAUDIA,Haz clic para ver el horario
54,PACHECO,ANDREA,Haz clic para ver el horario
55,PALACIOS,MARÍA,Haz clic para ver el horario
56,PÉREZ,NESON,Haz clic para ver el horario
57,PINTO,LISBETH,Haz clic para ver el horario
58,PINTO,VENTURA,Haz clic para ver el horario
59,PIRELA,JANETT,Haz clic para ver el horario
60,PORTE,CARLOS,Haz clic para ver el horario
61,PUEBLA,MIGUEL,Haz clic para ver el horario
62,REYES,GILBERTO,Haz clic para ver el horario
63,RINCÓN,EDGAR,Haz clic para ver el horario
64,RINCÓN,JOSÉ,Haz clic para ver el horario
65,ROBERTIS,EDUARDO,Haz clic para ver el horario
66,ROBLES,MARIO,Haz clic para ver el horario
67,RODRÍGUEZ,DAISA,Haz clic para ver el horario
68,RODRIGUEZ,MANUEL,Haz clic para ver el horario
69,RODRÍGUEZ,MARÍA,Haz clic para ver el horario
70,ROJAS,OMAR,Haz clic para ver el horario
71,ROMERO,GREGORIA,Haz clic para ver el horario
72,SANCHEZ,LUIS,Haz clic para ver el horario
73,SILVA,JOSÉ,Haz clic para ver el horario
74,TESORERO,JOSÉ,Haz clic para ver el horario
75,TILLERO,JOSÉ,Haz clic para ver el horario
76,TORTOLERO,CARMEN,Haz clic para ver el horario
